Feature,Mutual Information,ANOVA F-Score,Lasso Coefficients,Random Forest Importance
Delivered_On_Time,0.049597417096348906,10.561708467842157,0.356212647357811,0.17075888550562002
Satisfied_With_Courier,0.03989204228703813,6.582716476196045,0.14951533583112808,0.17422046589959794
Contents_As_Expected,0.004521592630873927,0.07310831629264636,0.0,0.18611823193141136
Everything_Wanted_Ordered,0.0,2.8869590544661827,0.0,0.18571569358615447
Good_Price,0.0,0.5166572317283623,0.0,0.14834923178230902
Ordering_Ease,0.0,3.5868493680952667,0.0,0.13483749129490716
